-- Inserindo os dados:

-- INSERT PRODUTOS
INSERT INTO TB_PRODUTOS(NOME,	DESCRICAO,	PRECO,	QUANTIDADE_DISPONIVEL)
VALUES
('Barra de cereal', 'Barra de cereal - sabor chocolate - 90g', 6.90, 50),
('Agua sem gas', 'Agua sem gás de garrafa - 500ml', 3.00, 25),
('Shake de proteina 1', 'Shake de Proteína - sabor baunilha - 250ml', 11.90, 20),
('Shake de proteina 2', 'Shake de Proteína - sabor chocolate - 250ml', 11.90, 20),
('Shake de proteina 3', 'Shake de Proteína - sabor morango - 250ml', 11.90, 20),
('Agua com gas', 'Agua com gás de garrafa - 500ml', 3.50, 150),
('Coqueteleira 1', 'Coqueteleira de academia - cor rosa - 600ml', 59.90, 8),
('Coqueteleira 2', 'Coqueteleira de academia - cor preta - 600ml', 59.90, 8),
('Meias antiderrapante 1', 'Meia esportiva antiderrapante branca - tam 34/35/36', 39.00, 10),
('Meias antiderrapante 2', 'Meia esportiva antiderrapante branca - tam 37/38', 39.00, 12),
('Meias antiderrapante 3', 'Meia esportiva antiderrapante branca - tam 39/40', 40.00, 8),
('Meias antiderrapante 4', 'Meia esportiva antiderrapante branca - tam 41/42', 40.00, 8),
('Meias antiderrapante 5', 'Meia esportiva antiderrapante branca - tam 43/44', 41.00, 10),
('Blusa 1', 'Blusa para pilates - cor branca - P', 49.90, 12),
('Blusa 2', 'Blusa para pilates - cor branca - M', 49.90, 10),
('Blusa 3', 'Blusa para pilates - cor branca - G', 49.90, 7),
('Shorts 1', 'Shorts para pilates - cor preta - P', 69.90, 10),
('Shorts 2', 'Shorts para pilates - cor preta - M', 69.90, 7),
('Shorts 3', 'Shorts para pilates - cor preta - G', 69.90, 8),
('Calça 1', 'Calça feminina para pilates - cor preta - tam unico', 89.90, 10),
('Calça 2', 'Calça masculina para pilates - cor preta - tam unico', 89.90, 8),
('Livro 1', 'Pilates: guia de treino Alycea Ungaro', 67.50, 3),
('Livro 2', 'A ciência do Pilates: Como otimizar suas aulas de pilates pela biomecânica Janaína', 49.70, 4),
('Livro 3', 'Pilates: Uma abordagem anatômica Paul Massey', 74.60, 2);

--  INSERT STATUS PAGAMENTO
INSERT INTO TB_STATUS_DO_PAGAMENTO(DESCRICAO)
VALUES
('Aprovado'),
('Pendente'),
('Recusado'),
('Processando'),
('Cancelado'),
('Erro de processamento'),
('Aguardando pagamento'),
('Reembolsado'),
('Fatura vencida'),
('Pagamento automático'),
('Concluído atrasado'),
('Cancelado - falta de pagamento');


-- INSERT FORMAS DE PAGAMENTO
INSERT INTO TB_FORMAS_DE_PAGAMENTO(TIPO_PAGAMENTO)
VALUES
('Dinheiro'),
('Pix online'),
('Transferência bancária'),
('Pagamento Online'),
('PIX QR CODE'),
('Débito cartão'),
('Crédito Cartão 1X'),
('Crédito Cartão 2X'),
('Crédito Cartão 3X'),
('Crédito Cartão 4X'),
('Crédito Cartão 5X'),
('Crédito Cartão 6X'),
('Crédito Cartão 7X'),
('Crédito Cartão 8X'),
('Crédito Cartão 9X'),
('Crédito Cartão 10X'),
('Crédito Cartão 11X'),
('Crédito Cartão 12X'),
('Boleto Bancário'),
('Débito em conta');

-- INSERT TIPOS DE PLANOS
INSERT INTO TB_TIPOS_DE_PLANOS(DURACAO_PLANO,	DESCONTO,	FREQUENCIA_SEMANAL,	DESCRICAO_PLANO,	PRECO)
VALUES
(1, 0.00, 1, 'Mensal 4x', 160.00),
(1, 0.00, 2, 'Mensal 8x', 320.00),
(1, 0.00, 3, 'Mensal 12x', 480.00),
(2, 0.00, 1, 'Bimestral 4x', 320.00),
(2, 0.00, 2, 'Bimestral 8x', 640.00),
(2, 0.00, 3, 'Bimestral 12x', 960.00),
(3, 0.07, 1, 'Trimestral 4x', 446.40),
(3, 0.07, 2, 'Trimestral 8x', 892.80),
(3, 0.07, 3, 'Trimestral 12x', 1339.20),
(6, 0.14, 1, 'Semestral 4x', 825.60),
(6, 0.14, 2, 'Semestral 8x', 1651.20),
(6, 0.14, 3, 'Semestral 12x', 2476.80),
(12, 0.21, 1, 'Anual 4x', 1516.80),
(12, 0.21, 2, 'Anual 8x', 3033.60),
(12, 0.21, 3, 'Anual 12x', 4550.40),
(24, 0.28, 1, 'Bianual 4x', 2764.80),
(24, 0.28, 2, 'Bianual 8x', 5529.60),
(24, 0.28, 3, 'Bianual 12x', 8294.40);

-- INSERT INSTRUTORES
INSERT INTO tb_instrutores(CPF, NOME, SOBRENOME, DATA_NASCIMENTO, GENERO, ESPECIALIDADE, DATA_CONTRATACAO)
VALUES
(33300000000, 'ALINE', 'CLARISSE', '1990-01-01', 'F', 'Pilates Funcional', '2023-06-23'),
(33300000001, 'HECTOR', 'SILVA', '1985-05-15', 'M', 'Aereo Pilates', '2022-06-08'),
(33300000002, 'ULISSE', 'ABREU', '1973-12-25', 'M', 'Power Pilates', '2023-08-25'),
(33300000003, 'HELIO', 'MARQUES', '1981-03-11', 'M', 'Neopilates', '2023-06-26'),
(33300000004, 'CARLOS', 'PEREIRA', '1960-03-22', 'M', 'Funcional', '2021-04-27'),
(33300000005, 'TADEU', 'ZAB', '1970-04-20', 'M', 'Crossfuncinal', '2023-06-28'),
(33300000006, 'LUA', 'BRANCA', '2000-05-05', 'F', 'Zumba', '2020-03-29'),
(33300000007, 'AZUL', 'NUVEM', '1999-07-04', 'F', 'Yoga', '2020-01-20'),
(33300000008, 'ESTRELA', 'CEU', '1988-03-06', 'F', 'Jump', '2020-07-01'),
(33300000009, 'MARIA', 'LIME', '1970-12-12', 'F', 'Fitdance', '2022-02-05');


-- INSERT CLIENTES
INSERT INTO tb_clientes(CPF ,NOME ,SOBRENOME, DATA_NASCIMENTO ,GENERO ,DATA_DE_CADASTRO)
VALUES
(33300000010, 'DANIELA', 'SANTOS', '2000-03-02', 'F', '2022-10-11'),
(33300000011, 'LUIS', 'SILVA', '1970-04-27', 'M', '2021-12-07'),
(33300000012, 'AMANDA', 'DUARTE', '1980-06-17', 'F', '2022-05-22'),
(33300000013, 'FELIPE', 'HANS', '2000-03-02', 'M', '2021-09-24'),
(33300000014, 'THAIS', 'ALVES', '1970-04-27', 'F', '2022-05-06'),
(33300000015, 'JESSICA', 'AUGUSTO', '1980-06-17', 'F', '2020-09-26'),
(33300000016, 'ANA', 'PINTO', '2000-03-02', 'F', '2021-04-21'),
(33300000017, 'LUCAS', 'NEVES', '1964-07-20', 'M', '2023-07-18'),
(33300000018, 'DAIANE', 'VALLIM', '1992-08-25', 'F', '2022-09-08'),
(33300000019, 'ELVIS', 'SOUSA', '1985-09-27', 'M', '2023-08-23'),
(33300000020, 'MONICA', 'RASPA', '1964-07-20', 'F', '2020-03-22'),
(33300000021, 'NATALIA', 'BRANDÃO', '1992-08-25', 'F', '2022-09-17'),
(33300000022, 'CELSO', 'FREIRE', '1985-09-27', 'M', '2020-07-07'),
(33300000023, 'ALICE', 'MENDES', '1964-07-20', 'F', '2022-12-11'),
(33300000024, 'ARTHUR', 'SATO', '1992-08-25', 'M', '2021-02-07'),
(33300000025, 'RAFAEL', 'LEAL', '1985-09-27', 'M', '2020-06-09'),
(33300000026, 'PATRICIA', 'MOTTA', '2002-10-19', 'F', '2023-08-31'),
(33300000027, 'JOSE', 'PEREIRA', '2001-11-16', 'M', '2021-03-29'),
(33300000028, 'HENRIQUE', 'PAES', '1990-12-05', 'M', '2021-01-26'),
(33300000029, 'MARCELO', 'NOVAIS', '1983-06-15', 'M', '2020-03-02'),
(33300000030, 'GUSTAVO', 'MOREIRA', '1985-05-14', 'M', '2023-05-20'),
(33300000031, 'LUCIA', 'MATOS', '1975-04-13', 'F', '2022-11-26'),
(33300000032, 'SILVIA', 'MAGALHÃES', '1977-05-09', 'F', '2020-05-15'),
(33300000033, 'CLAUDIA', 'TELLES', '1955-09-23', 'F', '2020-08-23'),
(33300000034, 'MAURICIO', 'DONATO', '1967-10-13', 'M', '2022-09-27'),
(33300000035, 'ROSANGELA', 'FASANO', '1980-11-18', 'F', '2020-09-22'),
(33300000036, 'JULIA', 'OPPERMANN', '1977-07-15', 'F', '2020-06-30'),
(33300000037, 'LUISA', 'BOHNEN', '1971-08-22', 'F', '2022-12-07');


-- INSERT TB_AULAS

INSERT INTO TB_AULAS(NOME_AULA, SALA_AULA, CAPACIDADE_ALUNO)
VALUES
('Pilates Funcional', 1, 3),
('Pilates Funcional', 2, 3),
('Aereo Pilates', 1, 3),
('Aereo Pilates', 2, 3),
('Power Pilates', 1, 3),
('Power Pilates', 2, 3),
('Neopilates', 1, 3),
('Neopilates', 2, 3),
('Funcional', 3, 6),
('Funcional', 4, 6),
('CrossFuncional', 3, 6),
('CrossFuncional', 4, 6),
('Zumba', 3, 6),
('Zumba', 4, 6),
('Yoga', 3, 6),
('Yoga', 4, 6),
('Jump', 3, 6),
('Jump', 4, 6),
('Fitdance', 3, 6),
('Fitdance', 4, 6);



-- INSERT AVALIAÇÃO FÍSICA
INSERT INTO tb_avaliacao_fisica(ID_CLIENTE ,ID_INSTRUTOR ,DATA_AVALIACAO ,PESO ,ALTURA ,PERCENTUAL_MASSA_MAGRA ,PERCENTUAL_GORDURA ,OBJETIVOS_CLIENTE ,OBSERVACAO)
VALUES
(1, 1, '2021-10-26', 62.00, 1.59, 0.80, 0.20, 'Recomendação Médica - Colesterol', 'Medicação prescrita'),
(2, 2, '2022-08-13', 65.00, 1.62, 0.79, 0.21, 'Recomendação Médica - Colesterol', 'N/A'),
(3, 3, '2022-07-22', 67.00, 1.61, 0.72, 0.28, 'Melhorar dores musculares', 'Nunca fez academia'),
(4, 4, '2023-03-30', 75.00, 1.70, 0.73, 0.27, 'Perda de peso', 'Já fez academia anteriormente'),
(5, 5, '2021-06-26', 80.00, 1.70, 0.70, 0.30, 'Melhorar dores musculares', 'Já fez academia anteriormente'),
(6, 6, '2021-09-28', 97.00, 1.89, 0.70, 0.30, 'Melhorar dores musculares', 'Já fez academia anteriormente'),
(7, 7, '2020-08-02', 100.00, 1.92, 0.71, 0.29, 'Perda de peso', 'Nunca fez academia'),
(8, 8, '2021-08-11', 63.00, 1.55, 0.73, 0.27, 'Perda de peso', 'N/A'),
(9, 9, '2020-02-27', 66.00, 1.60, 0.70, 0.30, 'Perda de peso', 'Já fez academia anteriormente'),
(10, 1, '2022-07-03', 66.00, 1.61, 0.74, 0.26, 'Perda de peso', 'Nunca fez academia'),
(11, 2, '2021-05-31', 67.00, 1.67, 0.79, 0.21, 'Melhorar Postura', 'Já fez academia anteriormente'),
(12, 3, '2022-04-25', 65.00, 1.67, 0.77, 0.23, 'Melhorar Postura', 'Já fez academia anteriormente'),
(13, 4, '2020-08-27', 82.00, 1.69, 0.70, 0.30, 'Perda de peso', 'Já fez academia anteriormente'),
(14, 5, '2022-09-27', 60.00, 1.58, 0.80, 0.20, 'Manter saúde', 'Já fez academia anteriormente'),
(15, 6, '2023-04-13', 89.00, 1.85, 0.75, 0.25, 'Recomendação Médica - Colesterol', 'Medicação prescrita'),
(16, 7, '2022-03-19', 89.00, 1.70, 0.66, 0.34, 'Perda de peso', 'Já fez academia anteriormente'),
(17, 8, '2021-07-28', 88.00, 1.65, 0.65, 0.35, 'Perda de peso', 'Já fez academia anteriormente'),
(18, 9, '2020-11-28', 65.00, 1.63, 0.77, 0.23, 'Melhorar Postura', 'Já fez academia anteriormente'),
(19, 1, '2021-06-06', 73.00, 1.65, 0.74, 0.26, 'Melhorar dores musculares', 'Já fez academia anteriormente'),
(20, 2, '2022-03-09', 77.00, 1.65, 0.75, 0.25, 'Melhorar dores musculares', 'Já fez academia anteriormente'),
(21, 1, '2022-03-02', 77.00, 1.67, 0.70, 0.30, 'Melhorar dores musculares', 'Já fez academia anteriormente'),
(22, 2, '2020-10-11', 79.00, 1.67, 0.75, 0.25, 'Melhorar dores musculares', 'Já fez academia anteriormente'),
(23, 3, '2022-10-26', 72.00, 1.66, 0.75, 0.25, 'Melhorar dores musculares', 'Já fez academia anteriormente'),
(24, 4, '2023-02-06', 66.00, 1.62, 0.74, 0.26, 'Recomendação Médica - Colesterol', 'Medicação prescrita'),
(25, 5, '2020-02-16', 59.00, 1.60, 0.85, 0.15, 'Manter saúde', 'Já fez academia anteriormente'),
(26, 6, '2021-10-31', 59.00, 1.60, 0.83, 0.17, 'Manter saúde', 'Já fez academia anteriormente'),
(27, 7, '2021-02-04', 52.00, 1.55, 0.82, 0.18, 'Melhorar Postura', 'N/A'),
(28, 8, '2023-03-15', 50.00, 1.55, 0.79, 0.21, 'Manter saúde', 'N/A'),
(1, 1, '2022-01-24', 60.00, 1.59, 0.81, 0.19, 'Recomendação Médica - Colesterol', 'Medicação prescrita'),
(2, 2, '2022-11-11', 63.00, 1.62, 0.82, 0.18, 'Recomendação Médica - Colesterol', 'N/A'),
(3, 3, '2022-10-20', 65.00, 1.61, 0.72, 0.28, 'Melhorar dores musculares', 'Nunca fez academia'),
(4, 4, '2023-06-28', 71.00, 1.70, 0.85, 0.15, 'Melhorar Postura', 'Já fez academia anteriormente'),
(5, 5, '2021-09-24', 78.00, 1.70, 0.70, 0.30, 'Melhorar dores musculares', 'Já fez academia anteriormente'),
(6, 6, '2021-12-27', 94.00, 1.89, 0.73, 0.27, 'Perda de peso', 'Já fez academia anteriormente'),
(7, 7, '2020-10-31', 97.00, 1.92, 0.71, 0.29, 'Melhorar dores musculares', 'Nunca fez academia'),
(8, 8, '2021-11-09', 60.00, 1.55, 0.76, 0.24, 'Manter saúde', 'N/A'),
(9, 9, '2020-05-27', 68.00, 1.60, 0.70, 0.30, 'Melhorar dores musculares', 'Já fez academia anteriormente'),
(10, 1, '2022-10-01', 63.00, 1.61, 0.85, 0.15, 'Manter saúde', 'Nunca fez academia'),
(11, 2, '2021-08-29', 68.00, 1.67, 0.80, 0.20, 'Manter saúde', 'Já fez academia anteriormente'),
(12, 3, '2022-07-24', 66.00, 1.67, 0.79, 0.21, 'Manter saúde', 'Já fez academia anteriormente'),
(13, 4, '2020-11-25', 83.00, 1.69, 0.70, 0.30, 'Melhorar dores musculares', 'Já fez academia anteriormente'),
(14, 5, '2022-12-26', 60.00, 1.58, 0.78, 0.22, 'Manter saúde', 'Já fez academia anteriormente'),
(15, 6, '2023-07-12', 87.00, 1.85, 0.75, 0.25, 'Recomendação Médica - Colesterol', 'Medicação prescrita'),
(16, 7, '2022-06-17', 90.00, 1.70, 0.66, 0.34, 'Perda de peso', 'Já fez academia anteriormente'),
(17, 8, '2021-10-26', 85.00, 1.65, 0.65, 0.35, 'Perda de peso', 'Já fez academia anteriormente'),
(18, 9, '2021-02-26', 62.00, 1.63, 0.77, 0.23, 'Manter saúde', 'Já fez academia anteriormente'),
(19, 1, '2021-09-04', 70.00, 1.65, 0.74, 0.26, 'Melhorar dores musculares', 'Já fez academia anteriormente'),
(20, 2, '2022-06-07', 74.00, 1.65, 0.75, 0.25, 'Perda de peso', 'Já fez academia anteriormente'),
(21, 1, '2022-05-31', 75.00, 1.67, 0.70, 0.30, 'Melhorar dores musculares', 'Já fez academia anteriormente'),
(22, 2, '2021-01-09', 77.00, 1.67, 0.75, 0.25, 'Perda de peso', 'Já fez academia anteriormente'),
(23, 3, '2023-01-24', 70.00, 1.66, 0.75, 0.25, 'Melhorar dores musculares', 'Já fez academia anteriormente'),
(24, 4, '2023-05-07', 64.00, 1.62, 0.85, 0.15, 'Recomendação Médica - Colesterol', 'Medicação prescrita'),
(25, 5, '2020-05-16', 58.00, 1.60, 0.79, 0.21, 'Manter saúde', 'Já fez academia anteriormente'),
(26, 6, '2022-01-29', 61.00, 1.60, 0.78, 0.22, 'Manter saúde', 'Já fez academia anteriormente'),
(27, 7, '2021-05-05', 52.00, 1.55, 0.76, 0.24, 'Manter saúde', 'N/A'),
(28, 8, '2023-06-13', 50.00, 1.55, 0.76, 0.24, 'Manter saúde', 'N/A'),
(1, 1, '2022-04-24', 59.00, 1.59, 0.80, 0.20, 'Recomendação Médica - Colesterol', 'Medicação prescrita'),
(2, 2, '2023-02-09', 62.00, 1.62, 0.84, 0.16, 'Recomendação Médica - Colesterol', 'N/A'),
(3, 3, '2023-01-18', 64.00, 1.61, 0.76, 0.24, 'Manter saúde', 'Nunca fez academia'),
(5, 5, '2021-12-23', 75.00, 1.70, 0.70, 0.30, 'Perda de peso', 'Já fez academia anteriormente'),
(6, 6, '2022-03-27', 95.00, 1.89, 0.73, 0.27, 'Perda de peso', 'Já fez academia anteriormente'),
(7, 7, '2021-01-29', 98.00, 1.92, 0.72, 0.28, 'Melhorar dores musculares', 'Nunca fez academia'),
(8, 8, '2022-02-07', 63.00, 1.55, 0.74, 0.26, 'Melhorar dores musculares', 'N/A'),
(9, 9, '2020-08-25', 67.00, 1.60, 0.70, 0.30, 'Melhorar dores musculares', 'Já fez academia anteriormente'),
(10, 1, '2022-12-30', 62.00, 1.61, 0.85, 0.15, 'Manter saúde', 'Nunca fez academia'),
(11, 2, '2021-11-27', 66.00, 1.67, 0.82, 0.18, 'Manter saúde', 'Já fez academia anteriormente'),
(12, 3, '2022-10-22', 64.00, 1.67, 0.84, 0.16, 'Manter saúde', 'Já fez academia anteriormente'),
(13, 4, '2021-02-23', 81.00, 1.69, 0.70, 0.30, 'Melhorar dores musculares', 'Já fez academia anteriormente'),
(14, 5, '2023-03-26', 62.00, 1.58, 0.76, 0.24, 'Manter saúde', 'Já fez academia anteriormente'),
(16, 7, '2022-09-15', 88.00, 1.70, 0.67, 0.33, 'Perda de peso', 'Já fez academia anteriormente'),
(17, 8, '2022-01-24', 84.00, 1.65, 0.65, 0.35, 'Perda de peso', 'Já fez academia anteriormente'),
(18, 9, '2021-05-27', 61.00, 1.63, 0.76, 0.24, 'Manter saúde', 'Já fez academia anteriormente'),
(19, 1, '2021-12-03', 69.00, 1.65, 0.74, 0.26, 'Perda de peso', 'Já fez academia anteriormente'),
(20, 2, '2022-09-05', 73.00, 1.65, 0.75, 0.25, 'Perda de peso', 'Já fez academia anteriormente'),
(21, 1, '2022-08-29', 74.00, 1.67, 0.70, 0.30, 'Perda de peso', 'Já fez academia anteriormente'),
(22, 2, '2021-04-09', 76.00, 1.67, 0.75, 0.25, 'Perda de peso', 'Já fez academia anteriormente'),
(23, 3, '2023-04-24', 69.00, 1.66, 0.75, 0.25, 'Perda de peso', 'Já fez academia anteriormente'),
(24, 4, '2023-08-05', 63.00, 1.62, 0.79, 0.21, 'Recomendação Médica - Colesterol', 'Medicação prescrita'),
(25, 5, '2020-08-14', 56.00, 1.60, 0.84, 0.16, 'Manter saúde', 'Já fez academia anteriormente'),
(26, 6, '2022-04-29', 62.00, 1.60, 0.76, 0.24, 'Manter saúde', 'Já fez academia anteriormente'),
(27, 7, '2021-08-03', 54.00, 1.55, 0.82, 0.18, 'Manter saúde', 'N/A'),
(1, 1, '2022-07-23', 60.00, 1.59, 0.84, 0.16, 'Recomendação Médica - Colesterol', 'Medicação prescrita'),
(2, 2, '2023-05-10', 63.00, 1.62, 0.82, 0.18, 'Recomendação Médica - Colesterol', 'N/A'),
(3, 3, '2023-04-18', 65.00, 1.61, 0.72, 0.28, 'Perda de peso', 'Nunca fez academia'),
(5, 5, '2022-03-23', 76.00, 1.70, 0.72, 0.28, 'Perda de peso', 'Já fez academia anteriormente'),
(6, 6, '2022-06-25', 93.00, 1.89, 0.72, 0.28, 'Melhorar dores musculares', 'Já fez academia anteriormente'),
(7, 7, '2021-04-29', 96.00, 1.92, 0.75, 0.25, 'Perda de peso', 'Nunca fez academia'),
(8, 8, '2022-05-08', 61.00, 1.55, 0.74, 0.26, 'Melhorar dores musculares', 'N/A'),
(9, 9, '2020-11-23', 66.00, 1.60, 0.70, 0.30, 'Perda de peso', 'Já fez academia anteriormente'),
(10, 1, '2023-03-30', 59.00, 1.61, 0.84, 0.16, 'Manter saúde', 'Nunca fez academia'),
(11, 2, '2022-02-25', 65.00, 1.67, 0.83, 0.17, 'Manter saúde', 'Já fez academia anteriormente'),
(12, 3, '2023-01-20', 63.00, 1.67, 0.84, 0.16, 'Manter saúde', 'Já fez academia anteriormente'),
(13, 4, '2021-05-24', 80.00, 1.69, 0.71, 0.29, 'Perda de peso', 'Já fez academia anteriormente'),
(14, 5, '2023-06-24', 58.00, 1.58, 0.76, 0.24, 'Manter saúde', 'Já fez academia anteriormente'),
(16, 7, '2022-12-14', 89.00, 1.70, 0.66, 0.34, 'Perda de peso', 'Já fez academia anteriormente'),
(17, 8, '2022-04-24', 86.00, 1.65, 0.66, 0.34, 'Perda de peso', 'Já fez academia anteriormente'),
(18, 9, '2021-08-25', 63.00, 1.63, 0.83, 0.17, 'Manter saúde', 'Já fez academia anteriormente'),
(19, 1, '2022-03-03', 71.00, 1.65, 0.74, 0.26, 'Perda de peso', 'Já fez academia anteriormente'),
(20, 2, '2022-12-04', 75.00, 1.65, 0.75, 0.25, 'Melhorar dores musculares', 'Já fez academia anteriormente'),
(21, 1, '2022-11-27', 72.00, 1.67, 0.70, 0.30, 'Perda de peso', 'Já fez academia anteriormente'),
(22, 2, '2021-07-08', 74.00, 1.67, 0.75, 0.25, 'Melhorar dores musculares', 'Já fez academia anteriormente'),
(23, 3, '2023-07-23', 67.00, 1.66, 0.82, 0.18, 'Manter saúde', 'Já fez academia anteriormente'),
(25, 5, '2020-11-12', 55.00, 1.60, 0.81, 0.19, 'Melhorar Postura', 'Já fez academia anteriormente'),
(26, 6, '2022-07-28', 62.00, 1.60, 0.84, 0.16, 'Melhorar Postura', 'Já fez academia anteriormente'),
(27, 7, '2021-11-01', 54.00, 1.55, 0.76, 0.24, 'Manter saúde', 'N/A'),
(1, 1, '2022-10-21', 58.00, 1.59, 0.76, 0.24, 'Recomendação Médica - Colesterol', 'Medicação prescrita'),
(2, 2, '2023-08-08', 70.00, 1.62, 0.72, 0.28, 'Recomendação Médica - Colesterol', 'N/A'),
(3, 3, '2023-07-17', 63.00, 1.61, 0.78, 0.22, 'Manter saúde', 'Nunca fez academia'),
(5, 5, '2022-06-21', 74.00, 1.70, 0.72, 0.28, 'Melhorar dores musculares', 'Já fez academia anteriormente'),
(6, 6, '2022-09-23', 90.00, 1.89, 0.74, 0.26, 'Melhorar dores musculares', 'Já fez academia anteriormente'),
(7, 7, '2021-07-28', 91.00, 1.92, 0.79, 0.21, 'Manter saúde', 'Nunca fez academia'),
(8, 8, '2022-08-06', 58.00, 1.55, 0.80, 0.20, 'Manter saúde', 'N/A'),
(9, 9, '2021-02-21', 68.00, 1.60, 0.70, 0.30, 'Perda de peso', 'Já fez academia anteriormente'),
(10, 1, '2023-06-28', 58.00, 1.61, 0.84, 0.16, 'Manter saúde', 'Nunca fez academia'),
(11, 2, '2022-05-26', 66.00, 1.67, 0.81, 0.19, 'Manter saúde', 'Já fez academia anteriormente'),
(12, 3, '2023-04-20', 62.00, 1.67, 0.84, 0.16, 'Manter saúde', 'Já fez academia anteriormente'),
(13, 4, '2021-08-22', 81.00, 1.69, 0.72, 0.28, 'Perda de peso', 'Já fez academia anteriormente'),
(16, 7, '2023-03-14', 87.00, 1.70, 0.68, 0.32, 'Perda de peso', 'Já fez academia anteriormente'),
(17, 8, '2022-07-23', 83.00, 1.65, 0.66, 0.34, 'Perda de peso', 'Já fez academia anteriormente'),
(18, 9, '2021-11-23', 60.00, 1.63, 0.82, 0.18, 'Manter saúde', 'Já fez academia anteriormente'),
(19, 1, '2022-06-01', 68.00, 1.65, 0.83, 0.17, 'Manter saúde', 'Já fez academia anteriormente'),
(20, 2, '2023-03-04', 72.00, 1.65, 0.75, 0.25, 'Melhorar dores musculares', 'Já fez academia anteriormente'),
(21, 1, '2023-02-25', 71.00, 1.67, 0.70, 0.30, 'Melhorar dores musculares', 'Já fez academia anteriormente'),
(22, 2, '2021-10-06', 73.00, 1.67, 0.75, 0.25, 'Melhorar dores musculares', 'Já fez academia anteriormente'),
(25, 5, '2021-02-10', 55.00, 1.60, 0.80, 0.20, 'Manter saúde', 'Já fez academia anteriormente'),
(26, 6, '2022-10-26', 60.00, 1.60, 0.79, 0.21, 'Manter saúde', 'Já fez academia anteriormente'),
(27, 7, '2022-01-30', 53.00, 1.55, 0.82, 0.18, 'Manter saúde', 'N/A'),
(1, 1, '2023-01-19', 57.00, 1.59, 0.85, 0.15, 'Recomendação Médica - Colesterol', 'Medicação prescrita'),
(5, 5, '2022-09-19', 71.00, 1.70, 0.84, 0.16, 'Manter saúde', 'Já fez academia anteriormente'),
(6, 6, '2022-12-22', 91.00, 1.89, 0.74, 0.26, 'Perda de peso', 'Já fez academia anteriormente'),
(7, 7, '2021-10-26', 92.00, 1.92, 0.78, 0.22, 'Manter saúde', 'Nunca fez academia'),
(8, 8, '2022-11-04', 61.00, 1.55, 0.75, 0.25, 'Perda de peso', 'N/A'),
(9, 9, '2021-05-22', 70.00, 1.60, 0.73, 0.27, 'Melhorar dores musculares', 'Já fez academia anteriormente'),
(11, 2, '2022-08-24', 64.00, 1.67, 0.80, 0.20, 'Melhorar Postura', 'Já fez academia anteriormente'),
(12, 3, '2023-07-19', 61.00, 1.67, 0.84, 0.16, 'Melhorar Postura', 'Já fez academia anteriormente'),
(13, 4, '2021-11-20', 79.00, 1.69, 0.72, 0.28, 'Melhorar dores musculares', 'Já fez academia anteriormente'),
(16, 7, '2023-06-12', 88.00, 1.70, 0.69, 0.31, 'Perda de peso', 'Já fez academia anteriormente'),
(17, 8, '2022-10-21', 82.00, 1.65, 0.70, 0.30, 'Perda de peso', 'Já fez academia anteriormente'),
(18, 9, '2022-02-21', 59.00, 1.63, 0.82, 0.18, 'Melhorar Postura', 'Já fez academia anteriormente'),
(19, 1, '2022-08-30', 67.00, 1.65, 0.79, 0.21, 'Manter saúde', 'Já fez academia anteriormente'),
(20, 2, '2023-06-02', 71.00, 1.65, 0.75, 0.25, 'Perda de peso', 'Já fez academia anteriormente'),
(21, 1, '2023-05-26', 69.00, 1.67, 0.85, 0.15, 'Manter saúde', 'Já fez academia anteriormente'),
(22, 2, '2022-01-04', 71.00, 1.67, 0.75, 0.25, 'Perda de peso', 'Já fez academia anteriormente'),
(25, 5, '2021-05-11', 55.00, 1.60, 0.79, 0.21, 'Manter saúde', 'Já fez academia anteriormente'),
(26, 6, '2023-01-24', 58.00, 1.60, 0.77, 0.23, 'Manter saúde', 'Já fez academia anteriormente'),
(27, 7, '2022-04-30', 54.00, 1.55, 0.83, 0.17, 'Melhorar Postura', 'N/A'),
(1, 1, '2023-04-19', 58.00, 1.59, 0.78, 0.22, 'Recomendação Médica - Colesterol', 'Medicação prescrita'),
(5, 5, '2022-12-18', 72.00, 1.70, 0.82, 0.18, 'Manter saúde', 'Já fez academia anteriormente'),
(6, 6, '2023-03-22', 89.00, 1.89, 0.85, 0.15, 'Melhorar Postura', 'Já fez academia anteriormente'),
(7, 7, '2022-01-24', 90.00, 1.92, 0.82, 0.18, 'Manter saúde', 'Nunca fez academia'),
(8, 8, '2023-02-02', 59.00, 1.55, 0.78, 0.22, 'Manter saúde', 'N/A'),
(9, 9, '2021-08-20', 69.00, 1.60, 0.75, 0.25, 'Melhorar dores musculares', 'Já fez academia anteriormente'),
(11, 2, '2022-11-22', 63.00, 1.67, 0.83, 0.17, 'Manter saúde', 'Já fez academia anteriormente'),
(13, 4, '2022-02-18', 78.00, 1.69, 0.73, 0.27, 'Melhorar dores musculares', 'Já fez academia anteriormente'),
(17, 8, '2023-01-19', 84.00, 1.65, 0.70, 0.30, 'Perda de peso', 'Já fez academia anteriormente'),
(18, 9, '2022-05-22', 61.00, 1.63, 0.79, 0.21, 'Manter saúde', 'Já fez academia anteriormente'),
(19, 1, '2022-11-28', 69.00, 1.65, 0.74, 0.26, 'Melhorar dores musculares', 'Já fez academia anteriormente'),
(20, 2, '2023-08-31', 73.00, 1.65, 0.75, 0.25, 'Perda de peso', 'Já fez academia anteriormente'),
(21, 1, '2023-08-24', 68.00, 1.67, 0.84, 0.16, 'Manter saúde', 'Já fez academia anteriormente'),
(22, 2, '2022-04-04', 70.00, 1.67, 0.75, 0.25, 'Perda de peso', 'Já fez academia anteriormente'),
(25, 5, '2021-08-09', 55.00, 1.60, 0.81, 0.19, 'Manter saúde', 'Já fez academia anteriormente'),
(26, 6, '2023-04-24', 57.00, 1.60, 0.82, 0.18, 'Manter saúde', 'Já fez academia anteriormente'),
(27, 7, '2022-07-29', 53.00, 1.55, 0.81, 0.19, 'Manter saúde', 'N/A'),
(1, 1, '2023-07-18', 60.00, 1.59, 0.77, 0.23, 'Recomendação Médica - Colesterol', 'Medicação prescrita'),
(5, 5, '2023-03-18', 70.00, 1.70, 0.82, 0.18, 'Manter saúde', 'Já fez academia anteriormente'),
(6, 6, '2023-06-20', 85.00, 1.89, 0.85, 0.15, 'Manter saúde', 'Já fez academia anteriormente'),
(7, 7, '2022-04-24', 87.00, 1.92, 0.82, 0.18, 'Melhorar Postura', 'Nunca fez academia'),
(8, 8, '2023-05-03', 57.00, 1.55, 0.80, 0.20, 'Manter saúde', 'N/A'),
(9, 9, '2021-11-18', 68.00, 1.60, 0.75, 0.25, 'Perda de peso', 'Já fez academia anteriormente'),
(11, 2, '2023-02-20', 64.00, 1.67, 0.82, 0.18, 'Manter saúde', 'Já fez academia anteriormente'),
(13, 4, '2022-05-19', 79.00, 1.69, 0.73, 0.27, 'Perda de peso', 'Já fez academia anteriormente'),
(17, 8, '2023-04-19', 81.00, 1.65, 0.75, 0.25, 'Perda de peso', 'Já fez academia anteriormente'),
(18, 9, '2022-08-20', 58.00, 1.63, 0.77, 0.23, 'Manter saúde', 'Já fez academia anteriormente'),
(19, 1, '2023-02-26', 66.00, 1.65, 0.78, 0.22, 'Manter saúde', 'Já fez academia anteriormente'),
(22, 2, '2022-07-03', 68.00, 1.67, 0.82, 0.18, 'Manter saúde', 'Já fez academia anteriormente'),
(25, 5, '2021-11-07', 55.00, 1.60, 0.84, 0.16, 'Manter saúde', 'Já fez academia anteriormente'),
(26, 6, '2023-07-23', 57.00, 1.60, 0.81, 0.19, 'Manter saúde', 'Já fez academia anteriormente'),
(27, 7, '2022-10-27', 53.00, 1.55, 0.83, 0.17, 'Manter saúde', 'N/A'),
(5, 5, '2023-06-16', 67.00, 1.70, 0.80, 0.20, 'Manter saúde', 'Já fez academia anteriormente'),
(7, 7, '2022-07-23', 82.00, 1.92, 0.78, 0.22, 'Manter saúde', 'Nunca fez academia'),
(8, 8, '2023-08-01', 57.00, 1.55, 0.80, 0.20, 'Melhorar Postura', 'N/A'),
(9, 9, '2022-02-16', 70.00, 1.60, 0.75, 0.25, 'Perda de peso', 'Já fez academia anteriormente'),
(11, 2, '2023-05-21', 62.00, 1.67, 0.83, 0.17, 'Manter saúde', 'Já fez academia anteriormente'),
(13, 4, '2022-08-17', 77.00, 1.69, 0.75, 0.25, 'Perda de peso', 'Já fez academia anteriormente'),
(17, 8, '2023-07-18', 80.00, 1.65, 0.75, 0.25, 'Perda de peso', 'Já fez academia anteriormente'),
(18, 9, '2022-11-18', 57.00, 1.63, 0.81, 0.19, 'Manter saúde', 'Já fez academia anteriormente'),
(19, 1, '2023-05-27', 65.00, 1.65, 0.80, 0.20, 'Melhorar Postura', 'Já fez academia anteriormente'),
(22, 2, '2022-10-01', 67.00, 1.67, 0.85, 0.15, 'Melhorar Postura', 'Já fez academia anteriormente'),
(25, 5, '2022-02-05', 55.00, 1.60, 0.77, 0.23, 'Melhorar Postura', 'Já fez academia anteriormente'),
(27, 7, '2023-01-25', 54.00, 1.55, 0.79, 0.21, 'Manter saúde', 'N/A'),
(7, 7, '2022-10-21', 80.00, 1.92, 0.82, 0.18, 'Manter saúde', 'Nunca fez academia'),
(9, 9, '2022-05-17', 72.00, 1.60, 0.74, 0.26, 'Melhorar dores musculares', 'Já fez academia anteriormente'),
(11, 2, '2023-08-19', 61.00, 1.67, 0.83, 0.17, 'Manter saúde', 'Já fez academia anteriormente'),
(13, 4, '2022-11-15', 76.00, 1.69, 0.75, 0.25, 'Melhorar dores musculares', 'Já fez academia anteriormente'),
(18, 9, '2023-02-16', 59.00, 1.63, 0.81, 0.19, 'Manter saúde', 'Já fez academia anteriormente'),
(19, 1, '2023-08-25', 67.00, 1.65, 0.76, 0.24, 'Manter saúde', 'Já fez academia anteriormente'),
(22, 2, '2022-12-30', 65.00, 1.67, 0.76, 0.24, 'Manter saúde', 'Já fez academia anteriormente'),
(25, 5, '2022-05-06', 55.00, 1.60, 0.85, 0.15, 'Manter saúde', 'Já fez academia anteriormente'),
(27, 7, '2023-04-25', 54.00, 1.55, 0.79, 0.21, 'Manter saúde', 'N/A'),
(7, 7, '2023-01-19', 77.00, 1.92, 0.81, 0.19, 'Manter saúde', 'Nunca fez academia'),
(9, 9, '2022-08-15', 71.00, 1.60, 0.74, 0.26, 'Melhorar dores musculares', 'Já fez academia anteriormente'),
(13, 4, '2023-02-13', 77.00, 1.69, 0.75, 0.25, 'Melhorar dores musculares', 'Já fez academia anteriormente'),
(18, 9, '2023-05-17', 56.00, 1.63, 0.82, 0.18, 'Melhorar Postura', 'Já fez academia anteriormente'),
(22, 2, '2023-03-30', 64.00, 1.67, 0.79, 0.21, 'Manter saúde', 'Já fez academia anteriormente'),
(25, 5, '2022-08-04', 55.00, 1.60, 0.76, 0.24, 'Manter saúde', 'Já fez academia anteriormente'),
(27, 7, '2023-07-24', 54.00, 1.55, 0.79, 0.21, 'Manter saúde', 'N/A'),
(7, 7, '2023-04-19', 80.00, 1.92, 0.80, 0.20, 'Manter saúde', 'Nunca fez academia'),
(9, 9, '2022-11-13', 70.00, 1.60, 0.73, 0.27, 'Perda de peso', 'Já fez academia anteriormente'),
(13, 4, '2023-05-14', 75.00, 1.69, 0.75, 0.25, 'Perda de peso', 'Já fez academia anteriormente'),
(18, 9, '2023-08-15', 55.00, 1.63, 0.82, 0.18, 'Manter saúde', 'Já fez academia anteriormente'),
(22, 2, '2023-06-28', 62.00, 1.67, 0.84, 0.16, 'Manter saúde', 'Já fez academia anteriormente'),
(25, 5, '2022-11-02', 55.00, 1.60, 0.80, 0.20, 'Manter saúde', 'Já fez academia anteriormente'),
(7, 7, '2023-07-18', 78.00, 1.92, 0.80, 0.20, 'Melhorar Postura', 'Nunca fez academia'),
(9, 9, '2023-02-11', 72.00, 1.60, 0.75, 0.25, 'Perda de peso', 'Já fez academia anteriormente'),
(13, 4, '2023-08-12', 74.00, 1.69, 0.75, 0.25, 'Perda de peso', 'Já fez academia anteriormente'),
(25, 5, '2023-01-31', 55.00, 1.60, 0.81, 0.19, 'Manter saúde', 'Já fez academia anteriormente'),
(9, 9, '2023-05-12', 71.00, 1.60, 0.75, 0.25, 'Melhorar dores musculares', 'Já fez academia anteriormente'),
(25, 5, '2023-05-01', 55.00, 1.60, 0.81, 0.19, 'Melhorar Postura', 'Já fez academia anteriormente'),
(9, 9, '2023-08-10', 70.00, 1.60, 0.75, 0.25, 'Melhorar dores musculares', 'Já fez academia anteriormente'),
(25, 5, '2023-07-30', 55.00, 1.60, 0.81, 0.19, 'Manter saúde', 'Já fez academia anteriormente');


-- INSERT TB_CONTRATO_PLANOS

INSERT INTO tb_contratos_planos(ID_CLIENTE, ID_PLANO, DATA_INICIO, DATA_TERMINO, STATUS_ASSOCIACAO)
VALUES
(1, 1, '2023-09-13', '2023-10-13', 'Ativo'),
(2, 2, '2023-09-01', '2023-10-01', 'Ativo'),
(3, 3, '2023-09-04', '2023-10-04', 'Ativo'),
(4, 4, '2023-07-12', '2023-09-12', 'Ativo'),
(5, 5, '2023-08-06', '2023-10-06', 'Ativo'),
(6, 6, '2023-07-10', '2023-09-10', 'Ativo'),
(7, 7, '2023-09-12', '2023-12-12', 'Ativo'),
(8, 8, '2023-08-23', '2023-11-23', 'Ativo'),
(9, 9, '2023-07-02', '2023-10-02', 'Ativo'),
(10, 10, '2023-08-07', '2024-02-07', 'Ativo'),
(11, 11, '2023-07-25', '2024-01-25', 'Ativo'),
(12, 12, '2023-06-13', '2023-12-13', 'Ativo'),
(13, 13, '2023-09-11', '2024-09-11', 'Ativo'),
(14, 14, '2023-01-09', '2024-01-09', 'Ativo'),
(15, 15, '2023-09-04', '2024-09-04', 'Ativo'),
(16, 16, '2023-02-17', '2025-02-17', 'Inativo'),
(17, 17, '2023-09-08', '2025-09-08', 'Ativo'),
(18, 18, '2023-09-10', '2025-09-10', 'Ativo'),
(19, 1, '2023-07-25', '2023-08-25', 'Inativo'),
(20, 2, '2023-09-18', '2023-10-18', 'Ativo'),
(21, 3, '2023-08-30', '2023-09-30', 'Ativo'),
(22, 4, '2023-09-01', '2023-11-01', 'Ativo'),
(23, 5, '2023-08-01', '2023-10-01', 'Ativo'),
(24, 6, '2023-08-28', '2023-10-28', 'Ativo'),
(25, 7, '2023-07-26', '2023-10-26', 'Ativo'),
(26, 8, '2023-09-04', '2023-12-04', 'Ativo'),
(27, 9, '2023-08-01', '2023-11-01', 'Ativo'),
(28, 10, '2023-06-06', '2023-12-06', 'Ativo');


-- INSERT TB_VENDAS
INSERT INTO TB_VENDAS(ID_CLIENTE, DATA_VENDA, VALOR, ID_FORMA_PAGAMENTO)
VALUES
(1, '2023-08-04', 32.60, 1),
(2, '2023-02-08', 95.60, 3),
(3, '2023-05-07', 18.90, 5),
(4, '2023-03-15', 59.90, 2),
(5, '2023-01-20', 137.80, 6),
(6, '2023-09-17', 44.00, 7),
(7, '2023-04-01', 61.80, 1),
(8, '2023-07-27', 39.00, 1),
(9, '2023-06-05', 318.60, 4),
(10, '2023-05-12', 100.40, 3),
(11, '2023-06-11', 67.50, 5),
(12, '2023-09-02', 158.30, 5),
(13, '2023-05-09', 3.00, 2),
(14, '2023-02-11', 23.80, 7),
(15, '2023-03-09', 59.90, 7),
(16, '2023-08-16', 80.70, 2),
(17, '2023-05-01', 119.80, 3),
(18, '2023-06-05', 59.90, 6),
(19, '2023-07-18', 78.00, 6),
(20, '2023-02-13', 40.00, 2),
(21, '2023-03-30', 59.90, 3),
(22, '2023-03-31', 39.00, 5),
(23, '2023-03-01', 176.90, 1),
(24, '2023-05-12', 89.90, 1),
(25, '2023-06-10', 39.00, 3),
(26, '2023-01-05', 80.60, 4),
(27, '2023-05-02', 39.00, 5),
(28, '2023-08-15', 69.90, 6);


-- INSERT TB_VENDAS_PRODUTOS
INSERT INTO TB_VENDAS_PRODUTOS(ID_PRODUTO, ID_VENDA, QUANTIDADE, VALOR_DA_VENDA)
VALUES
(1, 1, 3, 20.70),
(5, 1, 1, 11.90),
(8, 2, 1, 59.90),
(4, 2, 2, 23.80),
(5, 2, 1, 11.90),
(6, 3, 2, 7.00),
(3, 3, 1, 11.90),
(7, 4, 1, 59.90),
(9, 5, 3, 117.00),
(1, 5, 2, 13.80),
(6, 5, 2, 7.00),
(2, 6, 1, 3.00),
(13, 6, 1, 41.00),
(5, 7, 1, 11.90),
(15, 7, 1, 49.90),
(9, 8, 1, 39.00),
(17, 9, 2, 139.80),
(10, 9, 1, 39.00),
(19, 9, 2, 139.80),
(20, 10, 1, 89.90),
(6, 10, 3, 10.50),
(22, 11, 1, 67.50),
(18, 12, 1, 69.90),
(24, 12, 1, 74.60),
(1, 12, 2, 13.80),
(2, 13, 1, 3.00),
(3, 14, 2, 23.80),
(7, 15, 1, 59.90),
(5, 16, 2, 23.80),
(6, 16, 2, 7.00),
(15, 16, 1, 49.90),
(8, 17, 2, 119.80),
(7, 18, 1, 59.90),
(10, 19, 2, 78.00),
(11, 20, 1, 40.00),
(7, 21, 1, 59.90),
(10, 22, 1, 39.00),
(8, 23, 1, 59.90),
(9, 23, 3, 117.00),
(20, 24, 1, 89.90),
(10, 25, 1, 39.00),
(24, 26, 1, 74.60),
(2, 26, 2, 6.00),
(9, 27, 1, 39.00),
(18, 28, 1, 69.90);


-- INSERT TB_REGISTRO_INDIVIDUAL_DE_PAGAMENTO_DO_PLANO
INSERT INTO TB_REGISTRO_INDIVIDUAL_DE_PAGAMENTO_DO_PLANO(ID_CONTRATO_DO_PLANO, ID_DO_STATUS, ID_FORMA_DE_PAGAMENTO, DATA_DO_PAGAMENTO, VALOR_PAGO, DATA_VENCIMENTO)
VALUES
(1, 1, 20, '2023-09-13', 160.00, '2023-09-13'),
(2, 2, 19,  NULL, NULL, '2023-09-06'),
(3, 1, 3, '2023-09-04', 480.00, '2023-09-04'),
(4, 1, 8, '2023-07-12', 160.00, '2023-07-12'),
(5, 1, 8, '2023-08-06', 320.00, '2023-08-06'),
(6, 2, 3,  NULL, NULL, '2023-07-10'),
(7, 7, 9,  NULL, NULL, '2023-09-12'),
(8, 7, 9,  NULL, NULL, '2023-08-23'),
(9, 10, 20, '2023-07-02', 1339.20, '2023-07-02'),
(10, 1, 12, '2023-08-07', 137.60, '2023-08-07'),
(11, 1, 9, '2023-07-25', 550.40, '2023-07-25'),
(12, 10, 7, '2023-06-13', 2476.80, '2023-06-13'),
(13, 2, 18,  NULL, NULL, '2023-09-11'),
(14, 7, 18,  NULL, NULL, '2023-01-09'),
(15, 1, 16, '2023-09-04', 455.04, '2023-09-04'),
(16, 5, 5,  NULL, NULL, '2023-02-17'),
(17, 10, 8, '2023-09-08', 460.80, '2023-09-08'),
(18, 4, 2, '2023-09-10', 8294.40, '2023-09-10'),
(19, 3, 7,  NULL, NULL, '2023-07-25'),
(20, 1, 2, '2023-09-18', 320.00, '2023-09-18'),
(21, 1, 5, '2023-08-30', 480.00, '2023-08-30'),
(22, 2, 8,  NULL, NULL, '2023-09-01'),
(23, 1, 8, '2023-08-01', 320.00, '2023-08-01'),
(24, 1, 6, '2023-08-28', 960.00, '2023-08-28'),
(25, 10, 9, '2023-07-26', 148.80, '2023-07-26'),
(26, 10, 9, '2023-09-04', 297.60, '2023-09-04'),
(27, 1, 19, '2023-08-01', 1339.20, '2023-08-01'),
(28, 1, 12, '2023-06-06', 137.60, '2023-06-06'),
(4, 4, 8, '2023-08-12', 160.00, '2023-08-12'),
(5, 1, 8, '2023-09-06', 320.00, '2023-09-06'),
(7, 7, 9,  NULL, NULL, '2023-10-12'),
(8, 7, 9,  NULL, NULL, '2023-09-23'),
(7, 7, 9,  NULL, NULL, '2023-11-12'),
(8, 7, 9,  NULL, NULL, '2023-10-23'),
(10, 1, 12, '2023-09-07', 137.60, '2023-09-07'),
(10, 1, 12,  NULL, NULL, '2023-08-07'),
(10, 1, 12,  NULL, NULL, '2023-08-07'),
(10, 1, 12,  NULL, NULL, '2023-08-07'),
(10, 1, 12,  NULL, NULL, '2023-08-07'),
(11, 1, 9, '2023-08-25', 550.40, '2023-08-25'),
(11, 1, 9, '2023-09-25', 550.40, '2023-09-25'),
(13, 2, 18,  NULL, NULL, '2023-10-11'),
(13, 2, 18,  NULL, NULL, '2023-11-11'),
(13, 2, 18,  NULL, NULL, '2023-12-11'),
(13, 2, 18,  NULL, NULL, '2024-01-11'),
(13, 2, 18,  NULL, NULL, '2024-02-11'),
(13, 2, 18,  NULL, NULL, '2024-03-11'),
(13, 2, 18,  NULL, NULL, '2024-04-11'),
(13, 2, 18,  NULL, NULL, '2024-05-11'),
(13, 2, 18,  NULL, NULL, '2024-06-11'),
(13, 2, 18,  NULL, NULL, '2024-07-11'),
(13, 2, 18,  NULL, NULL, '2024-08-11'),
(14, 7, 18,  NULL, NULL, '2023-02-09'),
(14, 7, 18,  NULL, NULL, '2023-03-09'),
(14, 7, 18,  NULL, NULL, '2023-04-09'),
(14, 7, 18, NULL, NULL, '2023-05-09'),
(14, 7, 18, NULL, NULL, '2023-06-09'),
(14, 7, 18, NULL, NULL, '2023-07-09'),
(14, 7, 18, NULL, NULL, '2023-08-09'),
(14, 7, 18, NULL, NULL, '2023-09-09'),
(14, 7, 18, NULL, NULL, '2023-10-09'),
(14, 7, 18, NULL, NULL, '2023-11-09'),
(14, 7, 18, NULL, NULL, '2023-12-09'),
(15, 1, 16, '2023-10-04', 455.04, '2023-10-04'),
(15, 7, 16, NULL, NULL, '2023-11-04'),
(15, 7, 16, NULL, NULL, '2023-12-04'),
(15, 7, 16, NULL, NULL, '2024-01-04'),
(15, 7, 16, NULL, NULL, '2024-02-04'),
(15, 7, 16, NULL, NULL, '2024-03-04'),
(15, 7, 16, NULL, NULL, '2024-04-04'),
(15, 7, 16, NULL, NULL, '2024-05-04'),
(15, 7, 16, NULL, NULL, '2024-06-04'),
(17, 7, 8, NULL, NULL, '2023-10-08'),
(23, 1, 8, '2023-09-01', 320.00, '2023-09-01'),
(25, 10, 9, '2023-08-26', 148.80, '2023-08-26'),
(26, 10, 9, '2023-10-04', 297.60, '2023-10-04'),
(25, 10, 9, '2023-09-26', 148.80, '2023-09-26'),
(26, 7, 9, NULL, NULL, '2023-11-04'),
(28, 1, 12, '2023-07-06', 137.60, '2023-07-06'),
(28, 1, 12, '2023-08-06', 137.60, '2023-08-06'),
(28, 1, 12, '2023-09-06', 137.60, '2023-09-06'),
(28, 1, 12, '2023-10-06', 137.60, '2023-10-06'),
(28, 7, 12, NULL, NULL, '2023-06-06');


-- INSERT TB_AGENDA
INSERT INTO TB_AGENDA(ID_AULA, DIA_SEMANA, HORA_INICIO, DURACAO)
VALUES
(1, 1, '08:00:00', 60),
(1, 1, '17:00:00', 60),
(1, 3, '08:00:00', 60),
(1, 3, '17:00:00', 60),
(1, 5, '08:00:00', 60),
(1, 5, '17:00:00', 60),
(2, 2, '09:00:00', 60),
(2, 4, '09:00:00', 60),
(2, 4, '11:00:00', 60),
(3, 2, '09:00:00', 60),
(3, 4, '09:00:00', 60),
(3, 5, '09:00:00', 60),
(4, 1, '10:00:00', 60),
(4, 3, '11:00:00', 60),
(4, 5, '11:00:00', 60),
(5, 1, '16:00:00', 60),
(5, 3, '16:00:00', 60),
(5, 5, '16:00:00', 60),
(6, 1, '14:00:00', 60),
(6, 3, '14:00:00', 60),
(6, 5, '14:00:00', 60),
(7, 1, '11:00:00', 60),
(7, 2, '14:00:00', 60),
(7, 4, '14:00:00', 60),
(8, 3, '15:00:00', 60),
(8, 4, '16:00:00', 60),
(8, 5, '16:00:00', 60),
(9, 4, '11:00:00', 60),
(9, 4, '14:00:00', 60),
(9, 5, '11:00:00', 60),
(9, 5, '14:00:00', 60),
(10, 2, '14:00:00', 60),
(10, 2, '15:00:00', 60),
(10, 3, '11:00:00', 60),
(10, 3, '14:00:00', 60),
(11, 2, '08:00:00', 60),
(11, 2, '10:00:00', 60),
(11, 3, '16:00:00', 60),
(12, 1, '14:00:00', 60),
(12, 1, '15:00:00', 60),
(12, 2, '11:00:00', 60),
(12, 5, '14:00:00', 60),
(12, 5, '15:00:00', 60),
(12, 5, '16:00:00', 60),
(13, 1, '16:00:00', 60),
(13, 1, '15:00:00', 60),
(13, 2, '16:00:00', 60),
(13, 2, '17:00:00', 60),
(14, 5, '17:00:00', 60),
(15, 4, '10:00:00', 60),
(15, 4, '15:00:00', 60),
(15, 4, '16:00:00', 60),
(16, 5, '09:00:00', 60),
(16, 5, '10:00:00', 60),
(16, 5, '11:00:00', 60),
(17, 2, '09:00:00', 60),
(17, 2, '11:00:00', 60),
(18, 1, '16:00:00', 60),
(18, 1, '17:00:00', 60),
(19, 1, '08:00:00', 60),
(19, 1, '09:00:00', 60),
(19, 3, '11:00:00', 60),
(20, 1, '10:00:00', 60),
(20, 1, '11:00:00', 60),
(20, 2, '16:00:00', 60),
(20, 4, '17:00:00', 60),
(20, 5, '08:00:00', 60);


-- INSERT TB_AGENDAMENTOS
INSERT INTO TB_AGENDAMENTOS(ID_CLIENTE, ID_AGENDA)
VALUES
(4, 1),
(9, 2),
(18, 2),
(2, 3),
(27, 3),
(9, 5),
(17, 5),
(1, 6),
(9, 6),
(3, 8),
(8, 8),
(7, 9),
(3, 11),
(8, 11),
(2, 14),
(5, 14),
(15, 14),
(20, 15),
(5, 16),
(21, 17),
(12, 18),
(3, 20),
(15, 21),
(18, 22),
(21, 22),
(27, 23),
(6, 24),
(13, 25),
(14, 25),
(11, 28),
(17, 28),
(18, 28),
(21, 28),
(14, 29),
(20, 29),
(6, 30),
(15, 31),
(12, 33),
(6, 34),
(11, 36),
(10, 38),
(26, 38),
(12, 41),
(24, 42),
(22, 45),
(28, 48),
(23, 51),
(26, 52),
(27, 53),
(24, 56),
(25, 58),
(23, 63),
(24, 66);


-- INSERT TB_AULAS_INSTRUTORES
INSERT INTO TB_AULAS_INSTRUTORES(ID_AULA, ID_INSTRUTOR)
VALUES
(1, 1),
(2, 1),
(3, 2),
(4, 2),
(5, 3),
(6, 3),
(7, 4),
(8, 4),
(9, 5),
(10, 5),
(11, 6),
(12, 6),
(13, 7),
(14, 7),
(15, 8),
(16, 8),
(17, 9),
(18, 9),
(19, 10),
(20, 10);


-- INSERT TB_REGISTRO_DE_FREQUENCIA_NAS_AULAS
INSERT INTO TB_REGISTRO_DE_FREQUENCIA_NAS_AULAS(ID_AGENDAMENTO, DATA_PARTICIPACAO)
VALUES
(1, '2023-09-11'),
(2, '2023-09-11'),
(3, '2023-09-11'),
(4, '2023-09-13'),
(5, '2023-09-13'),
(6, '2023-09-15'),
(7, '2023-09-15'),
(8, '2023-09-15'),
(9, '2023-09-15'),
(10, '2023-09-14'),
(11, '2023-09-14'),
(12, '2023-09-14'),
(13, '2023-09-14'),
(14, '2023-09-14'),
(15, '2023-09-13'),
(16, '2023-09-13'),
(17, '2023-09-13'),
(18, '2023-09-15'),
(19, '2023-09-11'),
(20, '2023-09-13'),
(21, '2023-09-15'),
(22, '2023-09-13'),
(23, '2023-09-15'),
(24, '2023-09-11'),
(25, '2023-09-11'),
(26, '2023-09-12'),
(27, '2023-09-14'),
(28, '2023-09-13'),
(29, '2023-09-13'),
(30, '2023-09-14'),
(31, '2023-09-14'),
(32, '2023-09-14'),
(33, '2023-09-14'),
(34, '2023-09-14'),
(35, '2023-09-14'),
(36, '2023-09-15'),
(37, '2023-09-15'),
(38, '2023-09-12'),
(39, '2023-09-13'),
(40, '2023-09-12'),
(41, '2023-09-13'),
(42, '2023-09-13'),
(43, '2023-09-12'),
(44, '2023-09-15'),
(45, '2023-09-11'),
(46, '2023-09-12'),
(47, '2023-09-14'),
(48, '2023-09-14'),
(49, '2023-09-15'),
(50, '2023-09-12'),
(51, '2023-09-11'),
(52, '2023-09-11'),
(53, '2023-09-14');


-- INSERT CONTATO INSTRUTOR
INSERT INTO tb_contato_instrutor(ID_INSTRUTOR, TELEFONE ,EMAIL ,CEP ,RUA ,NUMERO ,BAIRRO ,CIDADE ,ESTADO ,PAIS ,DATA_CADASTRO)
VALUES
(1, 11994283498, 'abc_@outlook.com', 1305100, 'Rua Augusta', 700, 'Consolação', 'São Paulo', 'SP', 'Brasil', '2023-06-23'),
(2, 11994283499, 'hector_@outlook.com', 5409010, 'Rua Oscar Freire', 56, 'Cerqueira César', 'São Paulo', 'SP', 'Brasil', '2022-06-08'),
(3, 11994283500, 'abreu_@outlook.com', 1021200, 'Rua 25 de Março', 33, 'Centro', 'São Paulo', 'SP', 'Brasil', '2023-08-25'),
(4, 11994283501, 'helio_@outlook.com', 1301902, 'Rua da Consolação', 78, 'Higienópolis', 'São Paulo', 'SP', 'Brasil', '2023-06-26'),
(5, 11994283502, 'carlos_@outlook.com', 15404202, 'Rua Dona Nica', 9, 'Jardim São João', 'Jandira', 'SP', 'Brasil', '2021-04-27'),
(6, 11994283503, 'zab_@outlook.com', 6093006, 'Rua Antonio Agú', 67, 'City Bussocaba', 'Osasco', 'SP', 'Brasil', '2023-06-28'),
(7, 11994283504, 'lua_@outlook.com', 9521310, 'Avenida Goiás', 4, 'Santa Paula', 'São Caetano', 'SP', 'Brasil', '2020-03-29'),
(8, 11994283505, 'azul_@outlook.com', 1232000, 'Rua Santa Cecília', 34, 'Matriz', 'Mauá', 'SP', 'Brasil', '2020-01-20'),
(9, 11994283506, 'estrela_@outlook.com', 2329210, 'Rua Cônego Valadão', 106, 'Gopoúva', 'Guarulhos', 'SP', 'Brasil', '2020-07-01'),
(10, 11994283507, 'maria@outlook.com', 2329211, 'Rua Aparecida', 200, 'Centro', 'São Paulo', 'SP', 'Brasil', '2022-02-05');	


-- INSERT CONTATO CLIENTE
INSERT INTO tb_contato_cliente(ID_CLIENTE, TELEFONE, EMAIL, CEP, RUA, NUMERO, BAIRRO, CIDADE, ESTADO, PAIS, DATA_CADASTRO)
VALUES
(1, 11994283507, 'dani@outlook.com', 1025020, 'Avenida do Estado', 34, 'Centro', 'São Paulo', 'SP', 'Brasil', '2022-10-11'),
(2, 11994283508, 'luis@outlook.com', 1025010, 'Rua Augusto Severo', 54, 'Centro', 'São Paulo', 'SP', 'Brasil', '2021-12-07'),
(3, 11994283509, 'amanda@outlook.com', 5451908, 'Rua Antônio Borba', 76, 'Vila Madalena', 'São Paulo', 'SP', 'Brasil', '2022-05-22'),
(4, 11994283510, 'felipe@outlook.com', 5423911, 'Rua Doutor Fernandes Coelho', 234, 'Pinheiros', 'São Paulo', 'SP', 'Brasil', '2021-09-24'),
(5, 11994283511, 'thata@outlook.com', 5347901, 'Avenida Kenkiti Simomoto', 544, 'Jaguaré', 'São Paulo', 'SP', 'Brasil', '2022-05-06'),
(6, 11994283512, 'jessica@outlook.com', 4619900, 'Rua Gabriele DAnnunzio', 555, 'Campo Belo', 'São Paulo', 'SP', 'Brasil', '2020-09-26'),
(7, 11994283513, 'ana@outlook.com', 4603908, 'Rua dos Brasões', 987, 'Santo Amaro', 'São Paulo', 'SP', 'Brasil', '2021-04-21'),
(8, 11994283514, 'lucas@outlook.com', 4571914, 'Rua José Muniz dos Santos', 89, 'Cidade Monções', 'São Paulo', 'SP', 'Brasil', '2023-07-18'),
(9, 11994283515, 'daiane@outlook.com', 4560915, 'Rua Nova York', 76, 'Brooklin Paulista', 'São Paulo', 'SP', 'Brasil', '2022-09-08'),
(10, 11994283516, 'elvis@outlook.com', 4552904, 'Rua do Rocio', 5, 'Vila Olímpia', 'São Paulo', 'SP', 'Brasil', '2023-08-23'),
(11, 11994283517, 'monica@outlook.com', 1508901, 'Rua São Joaquim', 2, 'Liberdade', 'São Paulo', 'SP', 'Brasil', '2020-03-22'),
(12, 11994283518, 'natalia@outlook.com', 1433900, 'Rua Maestro Elias Lobo', 655, 'Jardim Paulista', 'São Paulo', 'SP', 'Brasil', '2022-09-17'),
(13, 11994283519, 'celso@outlook.com', 1251900, 'Rua Tácito de Almeida', 453, 'Sumaré', 'São Paulo', 'SP', 'Brasil', '2020-07-07'),
(14, 11994283520, 'alice@outlook.com', 1236901, 'Avenida Arnolfo Azevedo', 45, 'Pacaembu', 'São Paulo', 'SP', 'Brasil', '2022-12-11'),
(15, 11994283521, 'artur@outlook.com', 4012900, 'Rua Pelotas', 6, 'Vila Mariana', 'São Paulo', 'SP', 'Brasil', '2021-02-07'),
(16, 11994283522, 'rafael@outlook.com', 4080914, 'Avenida Jurucê', 520, 'Indianópolis', 'São Paulo', 'SP', 'Brasil', '2020-06-09'),
(17, 11994283523, 'patricia@outlook.com', 6210901, 'Rua Manuel Antônio Portella', 45, 'Presidente Altino', 'Osasco', 'SP', 'Brasil', '2023-08-31'),
(18, 11994283524, 'jose@outlook.com', 6045900, 'Avenida Doutor Kenkiti Shimomoto', 56, 'Novo Osasco', 'Osasco', 'SP', 'Brasil', '2021-03-29'),
(19, 11994283525, 'henrique@outlook.com', 6036902, 'Avenida Padre Vicente Melillo', 424, 'Umuarama', 'Osasco', 'SP', 'Brasil', '2021-01-26'),
(20, 11994283526, 'marcelo@outlook.com', 6013970, 'Rua República do Líbano', 235, 'Centro	', 'Osasco', 'SP', 'Brasil', '2020-03-02'),
(21, 11994283527, 'gustavo@outlook.com', 22441000, 'Avenida Delfim Moreira', 4456, 'Leblon', 'Rio de Janeiro', 'RJ', 'Brasil', '2023-05-20'),
(22, 11994283528, 'lucia@outlook.com', 9972970, 'Avenida Nossa Senhora dos Navegantes', 234, 'Eldorado', 'Diadema', 'SP', 'Brasil', '2022-11-26'),
(23, 11994283529, 'silvia@outlook.com', 9950900, 'Avenida Presidente Juscelino', 734, 'Piraporinha', 'Diadema', 'SP', 'Brasil', '2020-05-15'),
(24, 11994283530, 'claudia@outlook.com', 9961902, 'Avenida Casa Grande', 1731, 'Casa Grande	', 'Diadema', 'SP', 'Brasil', '2020-08-23'),
(25, 11994283531, 'mauricio@outlook.com', 7180900, 'Rua Jati', 266, 'Cumbica', 'Guarulhos', 'SP', 'Brasil', '2022-09-27'),
(26, 11994283532, 'rosangela@outlook.com', 7113970, 'Avenida Tiradentes', 2680, 'Jardim Bom Clima', 'Guarulhos', 'SP', 'Brasil', '2020-09-22'),
(27, 11994283533, 'julia@outlook.com', 7111971, 'Avenida Antônio de Souza', 1089, 'Jardim Santa Francisca', 'Guarulhos', 'SP', 'Brasil', '2020-06-30'),
(28, 11994283534, 'luisa@outlook.com', 7044970, 'Rua Cavadas', 691, 'Vila São João', 'Guarulhos', 'SP', 'Brasil', '2022-12-07');



